ID,Accel_X,Accel_Y,Accel_Z,Timestamp
1,-0.23,0.16,9.49,9076
1,-0.26,0.14,9.51,9089
1,-0.25,0.16,9.52,9104
1,-0.23,0.12,9.5,9118
1,-0.23,0.14,9.51,9131
1,-0.23,0.14,9.51,9144
1,-0.2,0.14,9.49,9158
1,-0.24,0.13,9.5,9171
1,-0.21,0.14,9.5,9187
1,-0.25,0.15,9.52,9200
1,-0.25,0.14,9.53,9216
1,-0.22,0.13,9.51,9229
1,-0.22,0.12,9.52,9242
1,-0.23,0.12,9.53,9257
1,-0.22,0.12,9.48,9270
1,-0.25,0.13,9.51,9285
1,-0.23,0.17,9.51,9298
1,-0.24,0.16,9.5,9311
1,-0.26,0.14,9.51,9327
1,-0.22,0.14,9.48,9340
1,-0.22,0.13,9.54,9354
1,-0.25,0.16,9.53,9368
1,-0.23,0.13,9.48,9381
1,-0.22,0.13,9.52,9394
1,-0.22,0.14,9.5,9408
1,-0.23,0.13,9.49,9421
1,-0.21,0.15,9.51,9437
1,-0.21,0.15,9.49,9450
1,-0.21,0.15,9.54,9465
1,-0.22,0.12,9.5,9479
1,-0.24,0.13,9.5,9492
1,-0.23,0.13,9.52,9507
1,-0.23,0.15,9.5,9520
1,-0.23,0.15,9.52,9535
1,-0.23,0.14,9.52,9549
1,-0.23,0.15,9.54,9562
1,-0.23,0.14,9.51,9577
1,-0.22,0.12,9.5,9590
1,-0.24,0.13,9.49,9605
1,-0.25,0.14,9.52,9619
1,-0.22,0.15,9.5,9632
1,-0.25,0.15,9.5,9645
1,-0.26,0.15,9.53,9659
1,-0.26,0.16,9.49,9672
1,-0.26,0.16,9.49,9688
1,-0.23,0.12,9.51,9701
1,-0.22,0.11,9.48,9716
1,-0.21,0.12,9.51,9729
1,-0.23,0.13,9.51,9742
1,-0.23,0.14,9.54,9758
1,-0.25,0.15,9.52,9771
1,-0.27,0.14,9.5,9786
1,-0.24,0.14,9.51,9800
1,-0.22,0.15,9.51,9814
1,-0.2,0.12,9.49,9829
1,-0.21,0.13,9.49,9842
1,-0.22,0.12,9.52,9857
1,-0.24,0.15,9.5,9870
1,-0.26,0.13,9.51,9884
1,-0.27,0.17,9.54,9898
1,-0.25,0.14,9.51,9911
1,-0.25,0.12,9.5,9926
1,-0.2,0.13,9.49,9940
1,-0.19,0.12,9.51,9953
1,-0.22,0.12,9.54,9968
1,-0.24,0.14,9.49,9981
1,-0.25,0.15,9.54,9994
1,-0.26,0.16,9.53,10009
1,-0.29,0.14,9.49,10022
1,-0.26,0.16,9.55,10038
1,-0.23,0.14,9.48,10051
1,-0.21,0.12,9.5,10065
1,-0.2,0.12,9.51,10079
1,-0.23,0.15,9.52,10092
1,-0.24,0.14,9.54,10108
1,-0.29,0.18,9.53,10121
1,-0.2,0.17,9.46,10135
1,-0.25,0.15,9.51,10149
1,-0.21,0.15,9.49,10162
1,-0.23,0.12,9.49,10177
1,-0.21,0.11,9.48,10191
1,-0.24,0.11,9.47,10205
1,-0.23,0.14,9.49,10220
1,-0.24,0.16,9.55,10233
1,-0.27,0.17,9.52,10246
1,-0.26,0.15,9.52,10260
1,-0.23,0.13,9.52,10273
1,-0.24,0.13,9.49,10289
1,-0.22,0.11,9.53,10302
1,-0.23,0.12,9.54,10317
1,-0.26,0.16,9.49,10331
1,-0.24,0.17,9.53,10344
1,-0.24,0.17,9.53,10359
1,-0.21,0.14,9.51,10372
1,-0.22,0.13,9.51,10387
1,-0.22,0.12,9.53,10401
1,-0.22,0.12,9.49,10414
1,-0.23,0.13,9.47,10429
1,-0.26,0.15,9.52,10442
1,-0.26,0.15,9.53,10456
1,-0.24,0.18,9.5,10470
1,-0.24,0.18,9.5,10483
1,-0.22,0.14,9.51,10496
1,-0.22,0.13,9.52,10510
1,-0.2,0.11,9.49,10523
1,-0.23,0.13,9.52,10539
1,-0.22,0.13,9.52,10552
1,-0.23,0.14,9.52,10566
1,-0.24,0.15,9.52,10580
1,-0.26,0.17,9.52,10593
1,-0.23,0.15,9.52,10609
1,-0.23,0.14,9.5,10622
1,-0.22,0.13,9.5,10636
1,-0.23,0.14,9.51,10651
1,-0.22,0.12,9.5,10664
1,-0.23,0.13,9.51,10680
1,-0.25,0.17,9.53,10693
1,-0.26,0.17,9.51,10708
1,-0.23,0.16,9.5,10722
1,-0.25,0.14,9.5,10736
1,-0.24,0.12,9.51,10750
1,-0.22,0.12,9.52,10763
1,-0.23,0.11,9.5,10778
1,-0.24,0.15,9.53,10792
1,-0.26,0.14,9.5,10806
1,-0.22,0.15,9.49,10821
1,-0.25,0.15,9.52,10834
1,-0.24,0.16,9.5,10847
1,-0.22,0.13,9.53,10861
1,-0.25,0.11,9.5,10874
1,-0.23,0.12,9.5,10890
1,-0.24,0.14,9.51,10903
1,-0.24,0.15,9.5,10918
1,-0.22,0.15,9.49,10932
1,-0.23,0.18,9.53,10945
1,-0.24,0.13,9.51,10960
1,-0.23,0.12,9.5,10973
1,-0.24,0.14,9.51,10987
1,-0.24,0.13,9.52,11001
1,-0.23,0.12,9.48,11014
1,-0.25,0.15,9.5,11030
1,-0.23,0.17,9.52,11043
1,-0.22,0.17,9.51,11056
1,-0.25,0.17,9.52,11071
1,-0.23,0.12,9.51,11084
1,-0.25,0.13,9.52,11097
1,-0.23,0.11,9.53,11112
1,-0.24,0.14,9.5,11125
1,-0.24,0.13,9.51,11141
1,-0.23,0.15,9.5,11154
1,-0.23,0.17,9.52,11169
1,-0.26,0.17,9.51,11183
1,-0.22,0.14,9.5,11196
1,-0.23,0.12,9.49,11211
1,-0.22,0.11,9.52,11224
1,-0.23,0.12,9.51,11239
1,-0.25,0.12,9.52,11253
1,-0.25,0.16,9.48,11267
1,-0.24,0.14,9.49,11282
1,-0.24,0.16,9.53,11295
1,-0.23,0.14,9.53,11311
1,-0.23,0.14,9.5,11324
1,-0.22,0.14,9.49,11339
1,-0.23,0.14,9.5,11353
1,-0.23,0.15,9.51,11366
1,-0.23,0.13,9.51,11381
1,-0.24,0.16,9.53,11394
1,-0.26,0.15,9.53,11409
1,-0.25,0.13,9.48,11423
1,-0.23,0.16,9.5,11436
1,-0.21,0.13,9.5,11449
1,-0.22,0.14,9.5,11463
1,-0.24,0.15,9.48,11476
1,-0.24,0.16,9.53,11492
1,-0.25,0.15,9.52,11505
1,-0.24,0.14,9.51,11520
1,-0.26,0.13,9.52,11533
1,-0.22,0.12,9.51,11546
1,-0.22,0.14,9.55,11562
1,-0.22,0.14,9.47,11575
1,-0.2,0.14,9.5,11590
1,-0.24,0.11,9.51,11604
1,-0.24,0.12,9.51,11618
1,-0.23,0.14,9.48,11633
1,-0.25,0.15,9.52,11646
1,-0.23,0.13,9.56,11662
1,-0.24,0.14,9.56,11675
1,-0.26,0.15,9.57,11690
1,-0.27,0.15,9.52,11704
1,-0.25,0.15,9.48,11718
1,-0.24,0.13,9.48,11733
1,-0.19,0.16,9.5,11746
1,-0.2,0.14,9.5,11761
1,-0.21,0.13,9.47,11774
1,-0.23,0.11,9.51,11787
1,-0.23,0.13,9.51,11801
1,-0.25,0.15,9.5,11814
1,-0.24,0.16,9.54,11827
1,-0.25,0.16,9.51,11843
1,-0.23,0.21,9.56,11856
1,-0.22,0.17,9.45,11872
1,-0.22,0.11,9.53,11885
1,-0.22,0.09,9.45,11898
1,-0.22,0.14,9.49,11913
1,-0.21,0.15,9.5,11926
1,-0.25,0.12,9.5,11942
1,-0.24,0.16,9.53,11955
1,-0.26,0.15,9.57,11969
1,-0.25,0.18,9.46,11984
1,-0.22,0.15,9.56,11997
1,-0.22,0.11,9.51,12013
1,-0.2,0.13,9.55,12026
1,-0.22,0.13,9.53,12041
1,-0.23,0.15,9.55,12055
1,-0.23,0.18,9.55,12069
1,-0.26,0.16,9.49,12084
1,-0.24,0.16,9.53,12097
1,-0.2,0.15,9.5,12113
1,-0.2,0.09,9.51,12126
1,-0.22,0.13,9.51,12141
1,-0.21,0.15,9.5,12155
1,-0.24,0.14,9.53,12169
1,-0.23,0.15,9.47,12184
1,-0.24,0.17,9.53,12197
1,-0.23,0.15,9.54,12213
1,-0.23,0.14,9.5,12226
1,-0.21,0.12,9.52,12241
1,-0.22,0.13,9.48,12255
1,-0.22,0.11,9.55,12268
1,-0.19,0.12,9.54,12283
1,-0.23,0.17,9.52,12296
1,-0.23,0.19,9.54,12311
1,-0.22,0.15,9.5,12325
1,-0.22,0.12,9.53,12338
1,-0.22,0.13,9.51,12351
1,-0.2,0.13,9.51,12365
1,-0.23,0.15,9.52,12378
1,-0.22,0.15,9.5,12394
1,-0.22,0.17,9.51,12407
1,-0.22,0.17,9.5,12422
1,-0.23,0.15,9.55,12435
1,-0.22,0.16,9.54,12448
1,-0.22,0.12,9.51,12464
1,-0.22,0.1,9.5,12477
1,-0.22,0.12,9.47,12492
1,-0.22,0.18,9.52,12506
1,-0.23,0.17,9.52,12520
1,-0.24,0.15,9.48,12535
1,-0.23,0.17,9.5,12548
1,-0.23,0.14,9.5,12564
1,-0.22,0.12,9.53,12577
1,-0.2,0.11,9.5,12592
1,-0.22,0.14,9.51,12606
1,-0.22,0.13,9.5,12620
1,-0.22,0.16,9.5,12635
1,-0.23,0.17,9.53,12648
1,-0.22,0.16,9.52,12663
1,-0.21,0.14,9.5,12676
1,-0.23,0.13,9.51,12689
1,-0.21,0.14,9.51,12703
1,-0.21,0.12,9.51,12716
1,-0.23,0.14,9.5,12729
1,-0.21,0.16,9.49,12745
1,-0.24,0.18,9.52,12758
1,-0.23,0.16,9.49,12774
1,-0.23,0.16,9.5,12787
1,-0.22,0.13,9.51,12800
1,-0.22,0.13,9.51,12815
1,-0.22,0.12,9.52,12828
1,-0.24,0.12,9.5,12844
1,-0.23,0.16,9.51,12857
1,-0.25,0.16,9.53,12871
1,-0.23,0.19,9.5,12886
1,-0.22,0.17,9.51,12899
1,-0.2,0.13,9.51,12915
1,-0.22,0.11,9.5,12928
1,-0.22,0.12,9.5,12943
1,-0.23,0.14,9.53,12957
1,-0.23,0.12,9.52,12971
1,-0.22,0.17,9.5,12986
1,-0.24,0.16,9.53,12999
1,-0.23,0.15,9.5,13015
1,-0.21,0.14,9.5,13028
1,-0.22,0.11,9.5,13043
1,-0.22,0.12,9.51,13057
1,-0.23,0.13,9.53,13071
1,-0.22,0.14,9.49,13086
1,-0.22,0.16,9.53,13099
1,-0.25,0.17,9.52,13115
1,-0.23,0.16,9.5,13128
1,-0.22,0.16,9.51,13143
1,-0.22,0.15,9.51,13157
1,-0.23,0.13,9.49,13170
1,-0.22,0.14,9.51,13186
1,-0.24,0.15,9.53,13199
1,-0.23,0.15,9.53,13215
1,-0.22,0.16,9.51,13228
1,-0.22,0.14,9.52,13243
1,-0.21,0.14,9.51,13257
1,-0.22,0.12,9.5,13270
1,-0.2,0.12,9.48,13286
1,-0.23,0.13,9.52,13299
1,-0.21,0.14,9.52,13315
1,-0.23,0.15,9.52,13328
1,-0.24,0.16,9.51,13342
1,-0.24,0.15,9.51,13356
1,-0.22,0.16,9.51,13369
1,-0.22,0.13,9.5,13384
1,-0.22,0.12,9.49,13398
1,-0.19,0.14,9.51,13412
1,-0.22,0.16,9.5,13427
1,-0.22,0.16,9.51,13440
1,-0.24,0.15,9.53,13453
1,-0.23,0.17,9.5,13467
1,-0.22,0.13,9.51,13480
1,-0.22,0.14,9.51,13496
1,-0.22,0.12,9.51,13509
1,-0.23,0.11,9.5,13524
1,-0.24,0.17,9.51,13538
1,-0.23,0.15,9.52,13551
1,-0.23,0.14,9.53,13566
1,-0.23,0.15,9.53,13579
1,-0.24,0.16,9.53,13594
1,-0.24,0.15,9.52,13608
1,-0.21,0.13,9.51,13622
1,-0.22,0.15,9.48,13637
1,-0.22,0.13,9.49,13650
1,-0.21,0.18,9.52,13665
1,-0.24,0.14,9.49,13678
1,-0.24,0.15,9.5,13691
1,-0.22,0.12,9.55,13705
1,-0.22,0.13,9.5,13718
1,-0.23,0.14,9.49,13731
1,-0.22,0.11,9.51,13747
1,-0.22,0.14,9.5,13760
1,-0.24,0.16,9.5,13776
1,-0.21,0.17,9.5,13789
1,-0.24,0.15,9.52,13802
1,-0.24,0.16,9.54,13817
1,-0.23,0.17,9.49,13830
1,-0.22,0.15,9.51,13845
1,-0.22,0.13,9.5,13859
1,-0.21,0.14,9.5,13873
1,-0.23,0.14,9.49,13888
1,-0.23,0.15,9.52,13901
1,-0.24,0.15,9.5,13917
1,-0.23,0.15,9.49,13930
1,-0.22,0.14,9.51,13945
1,-0.22,0.13,9.52,13959
1,-0.22,0.14,9.5,13973
1,-0.22,0.14,9.49,13988
1,-0.22,0.15,9.52,14001
1,-0.24,0.17,9.53,14017
1,-0.22,0.16,9.51,14030
1,-0.22,0.13,9.5,14045
1,-0.22,0.13,9.53,14059
1,-0.22,0.13,9.53,14072
1,-0.23,0.11,9.5,14087
1,-0.22,0.14,9.54,14100
1,-0.22,0.16,9.52,14115
1,-0.23,0.14,9.49,14129
1,-0.22,0.14,9.51,14142
1,-0.23,0.17,9.51,14155
1,-0.21,0.13,9.51,14169
1,-0.22,0.14,9.49,14182
1,-0.22,0.13,9.52,14198
1,-0.22,0.13,9.52,14211
1,-0.22,0.13,9.51,14227
1,-0.23,0.15,9.52,14240
1,-0.22,0.15,9.5,14253
1,-0.22,0.17,9.52,14268
1,-0.22,0.14,9.48,14281
1,-0.22,0.13,9.52,14296
1,-0.23,0.14,9.52,14310
1,-0.22,0.13,9.53,14324
1,-0.22,0.16,9.51,14339
1,-0.21,0.14,9.52,14352
1,-0.23,0.17,9.54,14368
1,-0.22,0.17,9.49,14381
1,-0.22,0.17,9.51,14396
1,-0.24,0.15,9.51,14410
1,-0.22,0.13,9.5,14424
1,-0.22,0.14,9.5,14439
1,-0.24,0.15,9.52,14452
1,-0.22,0.15,9.5,14467
1,-0.23,0.14,9.53,14480
1,-0.23,0.15,9.5,14493
1,-0.21,0.15,9.5,14507
1,-0.21,0.14,9.51,14520
1,-0.22,0.14,9.49,14533
1,-0.22,0.13,9.49,14548
1,-0.22,0.14,9.52,14561
1,-0.22,0.15,9.52,14576
1,-0.23,0.17,9.52,14590
1,-0.24,0.15,9.54,14603
1,-0.24,0.16,9.52,14618
1,-0.23,0.13,9.52,14631
1,-0.22,0.15,9.51,14645
1,-0.2,0.13,9.52,14659
1,-0.21,0.14,9.53,14672
1,-0.23,0.15,9.49,14687
1,-0.22,0.16,9.5,14701
1,-0.22,0.15,9.52,14715
1,-0.24,0.15,9.51,14730
1,-0.23,0.14,9.49,14743
1,-0.22,0.14,9.51,14756
1,-0.22,0.15,9.52,14770
1,-0.23,0.12,9.48,14783
1,-0.23,0.14,9.51,14799
1,-0.22,0.15,9.52,14812
1,-0.23,0.15,9.51,14827
1,-0.22,0.14,9.51,14841
1,-0.22,0.14,9.53,14854
1,-0.21,0.14,9.51,14869
1,-0.23,0.13,9.51,14882
1,-0.23,0.13,9.52,14897
1,-0.22,0.15,9.53,14911
1,-0.22,0.14,9.52,14924
1,-0.2,0.14,9.5,14939
1,-0.24,0.14,9.53,14952
1,-0.22,0.14,9.5,14966
1,-0.22,0.17,9.5,14980
1,-0.21,0.14,9.49,14993
1,-0.21,0.15,9.5,15006
1,-0.21,0.13,9.52,15020
1,-0.22,0.16,9.5,15033
1,-0.21,0.14,9.51,15049
1,-0.24,0.14,9.51,15062
1,-0.23,0.15,9.51,15076
1,-0.24,0.14,9.51,15090
1,-0.22,0.12,9.53,15103
1,-0.23,0.12,9.53,15118
1,-0.23,0.14,9.49,15131
1,-0.24,0.14,9.51,15144
1,-0.22,0.15,9.51,15157
1,-0.22,0.14,9.5,15171
1,-0.22,0.15,9.5,15184
1,-0.22,0.16,9.51,15200
1,-0.22,0.11,9.53,15213
1,-0.21,0.16,9.48,15228
1,-0.23,0.14,9.51,15242
1,-0.21,0.16,9.52,15255
1,-0.22,0.16,9.49,15270
1,-0.21,0.15,9.48,15283
1,-0.25,0.18,9.51,15298
1,-0.2,0.16,9.49,15312
1,-0.22,0.14,9.5,15326
1,-0.22,0.14,9.5,15341
1,-0.24,0.13,9.52,15354
1,-0.22,0.15,9.51,15369
1,-0.24,0.15,9.49,15382
1,-0.23,0.15,9.49,15395
1,-0.23,0.17,9.51,15409
1,-0.23,0.14,9.45,15422
1,-0.25,0.18,9.6,15435
1,-0.22,0.13,9.51,15451
1,-0.23,0.14,9.58,15464
1,-0.21,0.16,9.57,15480
1,-0.22,0.15,9.49,15493
1,-0.22,0.16,9.56,15506
1,-0.21,0.16,9.52,15521
1,-0.22,0.16,9.52,15534
1,-0.23,0.15,9.53,15549
1,-0.23,0.12,9.43,15562
1,-0.21,0.12,9.58,15575
1,-0.22,0.13,9.51,15591
1,-0.23,0.13,9.52,15604
1,-0.21,0.13,9.5,15619
1,0.89,-0.64,9.5,15633
1,-0.03,-1.1,9.64,15647
1,-0.81,0.16,9.31,15660
1,0.04,-0.14,9.54,15673
1,0.0,-0.04,9.58,15687
1,-0.53,0.6,9.42,15702
1,0.02,1.46,9.4,15715
1,0.1,0.66,9.33,15731
1,-1.07,0.33,9.78,15744
1,-0.55,0.34,9.59,15757
1,-0.02,0.08,9.69,15770
1,0.09,-0.02,11.58,15783
1,0.69,-0.03,9.02,15797
1,-0.31,1.85,9.18,15810
1,0.01,0.44,9.28,15823
1,-0.19,0.18,9.86,15836
1,-1.44,0.03,10.14,15852
1,-2.66,-0.5,9.68,15865
1,-2.9,-0.54,9.74,15881
1,-2.01,0.0,9.78,15894
1,-2.39,0.0,9.53,15907
1,-2.92,-0.21,9.05,15920
1,-3.56,-0.02,8.67,15933
1,-3.73,0.14,8.66,15946
1,-4.12,0.18,8.45,15959
1,-4.58,0.36,8.55,15972
1,-5.21,0.19,7.86,15985
1,-5.44,0.19,7.81,16001
1,-5.69,0.62,7.65,16014
1,-5.82,0.43,7.75,16028
1,-6.09,0.19,7.52,16043
1,-6.93,-0.18,6.6,16056
1,-7.1,-0.36,6.35,16069
1,-7.23,-0.28,6.18,16083
1,-7.76,0.0,5.48,16096
1,-7.92,0.52,5.29,16109
1,-7.97,0.62,5.27,16122
1,-8.2,0.38,4.9,16135
1,-8.34,0.07,4.75,16150
1,-8.4,0.04,4.54,16163
1,-8.79,-0.01,3.61,16176
1,-8.86,-0.14,3.67,16192
1,-9.26,0.17,2.6,16205
1,-9.47,0.02,2.29,16218
1,-9.54,0.03,2.04,16233
1,-9.58,0.03,1.57,16246
1,-9.78,0.0,1.22,16259
1,-9.77,0.0,1.06,16272
1,-9.71,0.0,0.93,16285
1,-9.79,0.0,0.75,16300
1,-9.86,0.04,0.6,16313
1,-9.87,0.02,0.18,16326
1,-10.01,0.06,-0.04,16342
1,-9.87,-0.05,-0.15,16355
1,-9.79,0.0,0.03,16368
1,-9.59,-0.03,-0.02,16383
1,-8.18,0.58,-2.22,16396
1,-9.34,-0.07,-0.79,16409
1,-10.17,-0.17,-0.14,16422
1,-10.29,-0.15,-0.25,16435
1,-9.94,-0.18,-0.33,16449
1,-9.48,-0.07,-0.6,16462
1,-9.82,-0.02,-0.42,16475
1,-9.84,-0.02,-0.77,16489
1,-9.79,-0.02,-1.01,16504
1,-9.7,-0.01,-0.72,16517
1,-9.61,0.02,-0.62,16533
1,-9.64,0.03,-0.7,16546
1,-9.75,0.0,-0.94,16559
1,-9.82,0.0,-1.05,16572
1,-9.8,-0.01,-1.05,16585
1,-9.6,-0.01,-0.6,16599
1,-9.61,-0.02,-0.55,16612
1,-9.7,-0.01,-0.8,16625
1,-9.74,0.0,-0.85,16639
1,-9.76,0.0,-0.83,16654
1,-9.64,0.01,-0.58,16667
1,-9.67,0.02,-0.62,16681
1,-9.7,-0.02,-0.71,16695
1,-9.67,-0.02,-0.63,16708
1,-9.71,-0.02,-0.65,16721
1,-9.69,-0.02,-0.67,16735
1,-9.72,0.01,-0.66,16748
1,-9.76,0.0,-0.76,16761
1,-9.74,0.02,-0.75,16774
1,-9.77,0.0,-0.73,16787
1,-9.75,0.0,-0.67,16802
1,-9.68,0.0,-0.56,16815
1,-9.5,0.0,-0.55,16828
1,-9.55,0.02,-0.65,16843
1,-9.73,0.0,-0.36,16857
1,-9.68,0.0,-0.6,16870
1,-9.76,0.0,-0.71,16884
1,-9.85,0.02,-0.92,16897
1,-9.78,0.0,-0.79,16910
1,-9.74,0.0,-0.68,16923
1,-9.61,0.0,-0.47,16936
1,-9.66,-0.02,-0.48,16950
1,-9.7,-0.02,-0.57,16963
1,-9.7,0.0,-0.59,16976
1,-9.69,0.0,-0.55,16989
1,-9.71,0.01,-0.62,17004
1,-9.73,0.01,-0.67,17017
1,-9.77,0.0,-0.74,17031
1,-9.68,0.0,-0.68,17045
1,-9.72,-0.01,-0.67,17058
1,-9.71,-0.02,-0.68,17071
1,-9.7,-0.02,-0.65,17085
1,-9.73,0.0,-0.68,17098
1,-9.7,0.0,-0.6,17111
1,-9.66,0.0,-0.56,17125
1,-9.72,0.01,-0.67,17138
1,-9.72,0.01,-0.7,17153
1,-9.72,-0.01,-0.66,17166
1,-9.69,0.0,-0.63,17179
1,-9.68,-0.02,-0.62,17194
1,-9.7,-0.01,-0.65,17207
1,-9.73,0.0,-0.67,17221
1,-9.76,0.0,-0.71,17235
1,-9.69,0.0,-0.65,17248
1,-9.68,0.0,-0.59,17261
1,-9.7,0.0,-0.58,17274
1,-9.7,0.0,-0.63,17287
1,-9.7,-0.02,-0.59,17301
1,-9.71,-0.02,-0.59,17314
1,-9.69,0.0,-0.55,17327
1,-9.72,-0.01,-0.61,17341
1,-9.71,0.0,-0.62,17356
1,-9.72,0.0,-0.61,17369
1,-9.72,0.0,-0.61,17385
1,-9.7,0.0,-0.56,17398
1,-9.67,0.0,-0.5,17411
1,-9.66,0.0,-0.53,17426
1,-9.73,0.0,-0.63,17439
1,-9.76,0.0,-0.71,17455
1,-9.7,-0.01,-0.58,17468
1,-9.72,0.01,-0.59,17482
1,-9.73,0.0,-0.66,17496
1,-9.7,0.0,-0.59,17509
1,-9.7,0.0,-0.58,17525
1,-9.66,0.0,-0.58,17538
1,-9.72,-0.02,-0.62,17552
1,-9.73,0.0,-0.68,17565
1,-9.73,-0.01,-0.64,17578
1,-9.72,0.0,-0.72,17592
1,-9.73,0.0,-0.69,17606
1,-9.7,0.0,-0.61,17619
1,-9.67,0.0,-0.54,17633
1,-9.69,-0.01,-0.6,17647
1,-9.71,-0.01,-0.63,17660
1,-9.73,-0.02,-0.67,17675
1,-9.7,0.0,-0.65,17688
1,-9.7,0.01,-0.63,17701
1,-9.71,0.0,-0.62,17714
1,-9.73,0.0,-0.64,17727
1,-9.73,0.0,-0.68,17740
1,-9.73,0.01,-0.67,17756
1,-9.68,-0.02,-0.55,17769
1,-9.68,0.0,-0.55,17783
1,-9.7,0.01,-0.55,17797
1,-9.75,0.0,-0.63,17810
1,-9.75,0.0,-0.62,17826
1,-9.69,0.0,-0.61,17839
1,-9.7,0.0,-0.55,17853
1,-9.66,0.02,-0.52,17866
1,-9.75,0.0,-0.64,17879
1,-9.74,-0.01,-0.66,17893
1,-9.72,0.0,-0.63,17907
1,-9.71,0.0,-0.59,17920
1,-9.69,-0.02,-0.55,17935
1,-9.72,0.0,-0.61,17948
1,-9.71,0.0,-0.58,17961
1,-9.69,0.0,-0.55,17976
1,-9.73,0.0,-0.64,17989
1,-9.7,-0.01,-0.58,18004
1,-9.74,-0.01,-0.66,18018
1,-9.71,0.0,-0.59,18031
1,-9.66,0.0,-0.55,18046
1,-9.77,-0.01,-0.67,18059
1,-9.75,0.0,-0.69,18073
1,-9.67,0.01,-0.6,18087
1,-9.72,0.01,-0.59,18100
1,-9.71,0.0,-0.6,18113
1,-9.75,-0.01,-0.65,18127
1,-9.7,0.0,-0.58,18140
1,-9.7,0.01,-0.55,18156
1,-9.75,-0.01,-0.66,18169
1,-9.75,-0.02,-0.62,18183
1,-9.73,-0.01,-0.63,18197
1,-9.84,0.01,-0.78,18210
1,-9.93,0.01,-0.86,18223
1,-9.93,0.0,-0.83,18237
1,-10.03,0.02,-0.78,18250
1,-10.08,0.07,-0.81,18263
1,-10.12,0.15,-0.69,18276
1,-9.76,0.0,0.12,18289
1,-9.64,-0.07,0.39,18303
1,-9.84,0.01,0.47,18316
1,-9.93,0.0,0.5,18329
1,-9.92,0.0,0.79,18343
1,-9.33,0.0,1.77,18358
1,-9.34,0.02,2.12,18371
1,-9.19,-0.02,2.53,18387
1,-9.31,0.01,2.62,18400
1,-9.17,-0.05,3.01,18413
1,-9.06,-0.21,3.3,18426
1,-8.56,-0.03,3.95,18439
1,-8.52,0.16,4.3,18453
1,-8.24,0.36,4.61,18466
1,-8.17,0.42,5.02,18479
1,-8.07,0.11,4.95,18492
1,-7.89,-0.24,5.13,18508
1,-7.3,-0.34,6.07,18521
1,-7.18,-0.22,6.78,18537
1,-5.93,0.53,7.66,18550
1,-5.88,0.82,7.73,18563
1,-5.23,0.59,7.88,18576
1,-5.78,0.16,7.18,18589
1,-5.9,0.07,7.18,18602
1,-5.66,-0.16,7.31,18615
1,-5.15,-0.17,7.52,18628
1,-3.63,0.16,8.87,18641
1,-3.4,0.31,9.0,18657
1,-2.12,0.29,9.0,18670
1,-1.6,0.2,8.86,18684
1,-1.22,0.17,8.95,18698
1,-0.43,0.18,8.98,18711
1,-0.43,-0.07,9.45,18724
1,-1.13,0.07,13.81,18739
1,0.14,-0.11,8.09,18752
1,-1.8,0.47,7.83,18765
1,-1.75,0.11,8.88,18778
1,-0.22,0.2,9.21,18791
1,-0.54,0.12,9.84,18806
1,-0.84,0.21,9.47,18819
1,-0.17,0.16,9.16,18832
1,-0.38,0.26,8.71,18848
1,-0.22,0.18,9.3,18861
1,-0.4,0.16,9.58,18874
1,-1.28,0.13,10.09,18889
1,0.08,0.23,9.13,18902
1,-0.45,0.11,9.74,18915
1,-0.13,0.16,9.41,18929
1,-0.19,0.11,9.53,18942
1,-0.2,0.12,9.5,18958
1,-0.22,0.15,9.5,18971
1,-0.24,0.16,9.49,18985
1,-0.26,0.17,9.5,18999
1,-0.28,0.17,9.54,19012
1,-0.24,0.15,9.52,19027
1,-0.22,0.13,9.48,19040
1,-0.21,0.14,9.52,19053
1,-0.18,0.11,9.5,19066
1,-0.22,0.13,9.51,19080
1,-0.22,0.16,9.53,19093
1,-0.26,0.18,9.5,19109
1,-0.24,0.17,9.51,19122
1,-0.23,0.18,9.51,19137
1,-0.22,0.14,9.51,19151
1,-0.22,0.12,9.51,19164
1,-0.21,0.12,9.48,19179
1,-0.21,0.12,9.51,19192
1,-0.22,0.12,9.5,19207
1,-0.26,0.16,9.51,19221
1,-0.25,0.17,9.5,19234
1,-0.25,0.15,9.51,19249
1,-0.21,0.14,9.5,19262
1,-0.21,0.14,9.51,19276
1,-0.21,0.13,9.52,19290
1,-0.2,0.13,9.51,19303
1,-0.22,0.12,9.51,19316
1,-0.23,0.13,9.52,19330
1,-0.24,0.16,9.49,19343
1,-0.26,0.15,9.54,19359
1,-0.22,0.16,9.49,19372
1,-0.21,0.15,9.53,19386
1,-0.2,0.13,9.51,19400
1,-0.22,0.11,9.52,19413
1,-0.23,0.11,9.56,19428
1,-0.25,0.14,9.52,19441
1,-0.23,0.17,9.52,19454
1,-0.24,0.15,9.52,19467
1,-0.22,0.16,9.53,19481
1,-0.23,0.16,9.52,19494
1,-0.23,0.16,9.5,19510
1,-0.23,0.1,9.53,19523
1,-0.2,0.12,9.52,19538
1,-0.21,0.13,9.51,19551
1,-0.25,0.14,9.51,19564
1,-0.23,0.17,9.54,19579
1,-0.22,0.14,9.51,19592
1,-0.21,0.15,9.53,19605
1,-0.22,0.14,9.48,19619
1,-0.21,0.13,9.51,19632
1,-0.22,0.13,9.49,19645
1,-0.23,0.14,9.52,19660
1,-0.29,0.13,9.55,19673
1,-0.29,0.17,9.57,19687
1,-0.33,0.16,9.69,19701
1,-0.06,0.17,9.25,19714
1,-0.19,0.15,9.53,19727
1,-0.14,0.15,9.24,19741
1,-0.19,0.27,9.5,19754
1,0.04,0.77,9.61,19767
1,0.09,0.55,9.66,19780
1,-0.04,0.09,9.4,19793
1,-0.11,0.13,9.53,19808
1,-0.01,0.11,9.37,19821
1,0.0,0.13,9.38,19834
1,-0.22,0.03,9.6,19849
1,-0.55,0.09,9.58,19862
1,-0.33,0.1,9.71,19875
1,-0.84,-0.3,8.33,19890
1,-0.96,0.91,8.81,19903
1,-1.43,1.63,9.71,19916
1,-0.86,0.5,10.0,19929
1,-0.83,0.79,8.76,19942
1,-0.5,-0.1,9.61,19955
1,-0.03,-0.37,9.28,19968
1,0.15,-0.08,9.33,19981
1,1.35,-0.39,10.31,19994
1,0.9,-0.3,10.63,20010
1,-0.35,0.33,11.23,20023
1,0.05,0.63,10.75,20037
1,0.49,0.47,9.88,20052
1,1.41,0.0,9.0,20065
1,1.85,-0.01,9.23,20078
1,2.07,-0.14,9.02,20092
1,1.57,-0.55,8.4,20105
1,0.91,0.17,9.48,20118
1,1.01,0.32,9.43,20131
1,1.57,-0.07,9.97,20144
1,1.89,-0.28,10.05,20159
1,1.87,-0.05,10.18,20172
1,2.43,-0.36,10.67,20185
1,3.28,-0.46,9.72,20201
1,4.57,-0.03,6.71,20214
1,4.87,0.25,5.44,20227
1,4.91,0.94,5.75,20242
1,5.21,0.43,6.82,20255
1,5.09,0.23,7.56,20268
1,4.61,0.27,8.46,20281
1,4.14,0.49,9.52,20294
1,4.2,0.23,10.51,20309
1,5.6,-1.92,10.74,20322
1,6.18,-2.25,5.77,20335
1,6.33,-1.04,4.13,20351
1,7.08,2.35,3.09,20364
1,7.48,2.33,3.17,20377
1,7.63,2.09,3.61,20392
1,7.77,0.38,5.34,20405
1,7.83,0.18,5.32,20418
1,7.65,-0.53,6.56,20431
1,7.53,-1.32,6.24,20444
1,7.51,-1.36,5.7,20458
1,7.53,-1.06,4.77,20471
1,8.16,0.1,2.98,20484
1,8.79,1.24,1.78,20498
1,9.69,1.88,0.15,20513
1,10.01,1.22,-0.08,20526
1,8.97,0.25,2.73,20542
1,9.27,-0.44,1.74,20555
1,9.52,0.0,0.97,20568
1,9.51,0.64,0.8,20581
1,9.37,0.28,1.22,20594
1,9.4,0.11,0.9,20608
1,9.42,0.17,0.58,20621
1,9.58,0.22,0.33,20634
1,9.42,0.24,0.6,20648
1,9.36,0.24,0.67,20663
1,9.73,-0.34,-0.36,20676
1,9.65,-0.38,-0.56,20692
1,10.95,-0.05,-3.22,20705
1,9.9,0.2,-2.08,20718
1,10.15,0.36,-2.23,20731
1,7.66,0.53,1.97,20744
1,9.84,0.64,0.39,20757
1,10.11,0.3,-2.51,20770
1,9.73,0.07,-1.07,20783
1,9.69,0.01,-0.91,20796
1,9.78,0.21,-1.21,20812
1,9.93,0.1,-1.13,20825
1,9.71,0.09,-0.69,20840
1,9.61,0.03,-0.07,20854
1,9.56,0.16,-0.49,20867
1,9.48,0.25,-0.59,20880
1,9.59,0.14,0.05,20894
1,9.71,0.2,-0.4,20907
1,9.73,0.2,-0.45,20920
1,9.7,0.17,-0.43,20933
1,9.68,0.12,-0.3,20946
1,9.62,0.16,-0.15,20961
1,9.28,0.16,0.99,20974
1,8.98,0.25,1.88,20987
1,9.22,0.24,1.06,21003
1,9.74,0.21,-0.61,21016
1,9.75,0.18,-0.72,21029
1,9.72,0.19,-0.73,21044
1,9.54,0.2,-0.26,21057
1,9.56,0.17,-0.27,21070
1,9.68,0.15,-0.61,21083
1,9.85,0.22,-1.34,21096
1,9.45,0.2,-0.08,21111
1,9.42,0.22,0.04,21124
1,9.83,0.22,-1.32,21137
1,9.55,0.16,-0.34,21153
1,9.62,0.17,-0.58,21166
1,9.66,0.15,-0.68,21179
1,9.64,0.17,-0.59,21194
1,9.54,0.2,-0.33,21207
1,9.61,0.19,-0.4,21220
1,9.58,0.19,-0.41,21233
1,9.25,0.2,0.61,21246
1,9.36,0.16,0.2,21260
1,9.78,0.26,-0.61,21273
1,9.7,0.11,-0.96,21286
1,9.46,0.15,-0.38,21300
1,9.26,0.2,0.51,21315
1,9.54,0.21,-0.41,21328
1,9.4,0.2,-0.01,21343
1,9.71,0.18,-0.82,21356
1,9.55,0.18,-0.39,21369
1,9.62,0.17,-0.6,21382
1,9.63,0.19,-0.59,21395
1,9.63,0.18,-0.67,21408
1,9.67,0.17,-0.76,21421
1,9.61,0.21,-0.57,21434
1,9.64,0.19,-0.63,21447
1,9.61,0.18,-0.54,21461
1,9.58,0.17,-0.49,21475
1,9.61,0.16,-0.6,21488
1,9.63,0.17,-0.62,21503
1,9.57,0.17,-0.51,21516
1,9.61,0.2,-0.54,21529
1,9.59,0.22,-0.5,21544
1,9.62,0.21,-0.65,21557
1,9.61,0.21,-0.52,21570
1,9.58,0.19,-0.49,21585
1,9.6,0.16,-0.54,21598
1,9.61,0.16,-0.52,21613
1,9.6,0.17,-0.53,21626
1,9.61,0.18,-0.59,21639
1,9.59,0.2,-0.58,21654
1,9.64,0.2,-0.62,21667
1,9.6,0.19,-0.56,21680
1,9.61,0.18,-0.6,21695
1,9.6,0.18,-0.55,21708
1,9.62,0.15,-0.56,21721
1,9.58,0.15,-0.48,21735
1,9.61,0.17,-0.6,21748
1,9.61,0.19,-0.59,21763
1,9.59,0.22,-0.53,21776
1,9.62,0.22,-0.65,21789
1,9.58,0.19,-0.54,21805
1,9.61,0.17,-0.57,21818
1,9.6,0.16,-0.56,21833
1,9.61,0.16,-0.57,21846
1,9.62,0.17,-0.55,21859
1,9.6,0.18,-0.54,21872
1,9.61,0.2,-0.59,21886
1,9.61,0.2,-0.61,21899
1,9.61,0.21,-0.59,21915
1,9.6,0.18,-0.51,21928
1,9.59,0.16,-0.59,21942
1,9.6,0.17,-0.58,21956
1,9.6,0.17,-0.59,21969
1,9.59,0.17,-0.52,21984
1,9.6,0.2,-0.56,21997
1,9.6,0.21,-0.56,22010
1,9.6,0.22,-0.57,22023
1,9.61,0.19,-0.61,22037
1,9.58,0.19,-0.59,22050
1,9.59,0.17,-0.53,22066
1,9.63,0.18,-0.58,22079
1,9.6,0.19,-0.52,22094
1,9.59,0.18,-0.52,22107
1,9.6,0.19,-0.54,22120
1,9.6,0.19,-0.54,22135
1,9.61,0.18,-0.59,22148
1,9.58,0.15,-0.56,22162
1,9.59,0.17,-0.57,22176
1,9.59,0.19,-0.53,22189
1,9.59,0.17,-0.56,22204
1,9.6,0.18,-0.5,22218
1,9.6,0.18,-0.54,22231
1,9.63,0.19,-0.62,22246
1,9.59,0.21,-0.48,22259
1,9.6,0.19,-0.59,22272
1,9.59,0.17,-0.55,22287
1,9.6,0.17,-0.6,22300
1,9.6,0.19,-0.59,22316
1,9.61,0.15,-0.56,22329
1,9.62,0.19,-0.63,22344
1,9.61,0.19,-0.53,22358
1,9.61,0.21,-0.53,22371
1,9.62,0.2,-0.57,22386
1,9.59,0.18,-0.6,22399
1,9.59,0.16,-0.6,22413
1,9.61,0.18,-0.63,22427
1,9.6,0.18,-0.56,22440
1,9.59,0.17,-0.58,22455
1,9.6,0.21,-0.49,22468
1,9.61,0.19,-0.55,22481
1,9.6,0.19,-0.59,22496
1,9.6,0.16,-0.61,22509
1,9.61,0.18,-0.58,22522
1,9.59,0.17,-0.47,22537
1,9.58,0.19,-0.54,22550
1,9.63,0.19,-0.58,22565
1,9.58,0.2,-0.49,22578
1,9.6,0.19,-0.54,22591
1,9.62,0.19,-0.56,22606
1,9.77,0.18,-1.02,22619
1,9.76,0.18,-1.0,22632
1,9.77,0.17,-0.97,22647
1,9.61,0.18,-0.5,22660
1,9.64,0.19,-0.54,22673
1,9.61,0.19,-0.35,22686
1,9.59,0.22,-0.2,22699
1,9.61,0.2,-0.15,22713
1,9.66,0.19,-0.27,22726
1,9.9,0.19,-0.83,22739
1,10.01,0.18,-1.13,22753
1,10.03,0.17,-1.14,22768
1,9.92,0.19,-1.07,22781
1,9.73,0.18,-0.79,22797
1,9.09,0.24,1.04,22810
1,8.94,0.22,1.87,22823
1,8.95,0.23,1.95,22836
1,8.8,0.28,2.43,22849
1,8.73,0.65,2.74,22863
1,8.63,0.53,2.86,22876
1,8.58,0.17,2.9,22889
1,8.34,0.46,3.26,22903
1,8.14,0.66,3.46,22918
1,7.69,0.21,3.69,22931
1,7.52,0.23,3.43,22947
1,6.67,0.26,3.26,22960
1,6.02,0.12,4.42,22973
1,5.46,0.12,4.57,22986
1,4.45,-0.11,6.44,22999
1,3.29,0.0,8.47,23012
1,2.62,0.35,9.32,23025
1,2.06,0.62,10.14,23038
1,0.59,2.04,15.86,23051
1,0.25,0.97,16.48,23067
1,1.05,-2.25,10.54,23080
1,0.55,-1.11,13.53,23094
1,0.72,-1.5,13.34,23108
1,5.68,1.05,1.99,23121
1,6.27,-0.73,5.42,23134
1,2.23,0.31,13.05,23148
1,2.38,0.0,8.63,23161
1,2.45,0.29,5.57,23174
1,2.36,0.13,2.6,23187
1,0.92,0.56,-3.81,23200
1,2.94,0.4,19.32,23214
1,-3.87,-0.52,10.67,23227
1,-5.08,0.5,14.15,23240
1,-1.24,0.01,11.57,23254
1,0.77,-0.05,10.03,23269
1,-0.53,0.1,9.43,23282
1,-0.36,0.1,9.59,23298
1,-0.38,0.06,8.84,23311
1,-0.36,0.07,10.17,23324
1,-0.28,0.11,9.63,23339
1,-0.37,0.14,9.15,23352
1,-0.38,0.17,9.92,23368
1,-0.37,0.15,9.08,23381
1,-0.39,0.16,10.24,23396
1,-0.35,0.15,9.07,23410
1,-0.34,0.11,9.83,23423
1,-0.33,0.11,9.74,23438
1,-0.32,0.11,9.36,23451
1,-0.33,0.14,9.73,23465
1,-0.33,0.17,9.83,23479
1,-0.33,0.15,9.66,23492
1,-0.38,0.21,9.98,23507
1,-0.34,0.12,9.6,23521
1,-0.37,0.14,9.9,23535
1,-0.36,0.11,9.43,23549
1,-0.33,0.11,9.78,23562
1,-0.34,0.11,9.54,23575
1,-0.36,0.1,9.37,23589
1,-0.38,0.19,9.64,23602
1,-0.38,0.21,9.49,23617
1,-0.39,0.16,9.49,23631
1,-0.31,0.15,9.51,23644
1,-0.32,0.11,9.39,23659
1,-0.32,0.11,9.61,23672
1,-0.33,0.11,9.46,23686
1,-0.34,0.12,9.49,23700
1,-0.37,0.16,9.53,23713
1,-0.42,0.19,9.54,23726
1,-0.39,0.18,9.52,23740
1,-0.37,0.14,9.46,23753
1,-0.33,0.11,9.48,23769
1,-0.33,0.11,9.55,23782
1,-0.32,0.1,9.46,23796
1,-0.33,0.11,9.5,23810
1,-0.39,0.13,9.49,23823
1,-0.38,0.2,9.51,23839
1,-0.38,0.19,9.5,23852
1,-0.39,0.19,9.57,23866
1,-0.01,0.51,9.65,23879
1,-0.04,0.85,9.6,23892
1,-0.5,0.44,9.61,23907
1,-0.68,-0.22,9.48,23921
1,-0.66,-0.35,9.58,23934
1,-0.59,-0.38,9.57,23949
1,-0.36,-0.15,9.49,23962
1,-0.36,0.21,9.56,23975
1,-0.33,0.14,9.52,23990
1,-0.33,0.12,9.5,24003
1,-0.33,0.08,9.5,24019
1,-0.36,0.14,9.56,24032
1,-0.37,0.12,9.51,24046
1,-0.37,0.17,9.49,24061
1,-0.36,0.18,9.53,24074
1,-0.37,0.16,9.5,24089
1,-0.35,0.13,9.57,24102
1,-0.33,0.11,9.48,24115
1,-0.37,0.07,9.36,24128
1,-2.17,-1.46,9.77,24142
1,-1.24,0.21,9.44,24156
1,-0.54,0.7,9.39,24171
1,-0.02,0.79,9.5,24184
1,0.71,0.54,9.42,24200
1,1.06,-0.04,9.68,24213
1,1.92,-0.66,9.55,24226
1,-0.9,-0.6,9.36,24239
1,-2.18,0.52,9.59,24252
1,-0.73,0.45,9.48,24266
1,-0.58,0.29,9.78,24279
1,-1.12,0.4,9.91,24292
1,-0.69,0.41,9.75,24305
1,4.02,-0.19,10.34,24320
1,2.78,1.27,10.45,24334
1,-0.79,1.18,9.72,24350
1,-1.35,0.42,8.27,24363
1,-1.67,0.24,9.89,24376
1,-1.17,0.67,12.17,24389
1,-2.82,0.31,12.69,24402
1,-2.69,0.71,12.49,24415
1,-0.79,1.58,11.8,24428
1,-0.68,1.45,11.19,24441
1,-0.86,1.35,12.06,24454
1,-0.72,0.67,12.69,24470
1,0.36,0.35,12.76,24483
1,0.45,0.11,12.2,24497
1,-0.27,-0.74,11.92,24512
1,-0.5,-1.65,11.58,24525
1,-0.68,-2.68,11.45,24538
1,-2.7,-3.33,11.86,24552
1,-2.64,-3.26,11.18,24565
1,-2.86,-3.08,11.06,24578
1,-3.13,-1.87,10.02,24591
1,-1.03,-2.14,7.89,24604
1,-0.14,-2.45,7.21,24619
1,-0.11,-3.44,6.72,24632
1,-0.3,-5.79,6.9,24645
1,-0.67,-6.35,6.51,24661
1,-0.63,-6.63,6.91,24674
1,-1.16,-4.9,6.17,24687
1,-0.57,-3.56,4.54,24702
1,0.02,-5.33,1.99,24715
1,-0.22,-5.37,1.14,24728
1,-0.17,-6.06,-0.17,24741
1,-0.15,-6.56,0.16,24754
1,-0.08,-6.44,0.05,24769
1,-0.87,-7.33,-0.68,24782
1,-0.05,-6.86,-0.76,24795
1,-0.67,-7.38,-1.09,24811
1,0.1,-9.06,-0.72,24824
1,-0.04,-9.32,-0.15,24837
1,-0.12,-9.48,0.44,24852
1,0.37,-9.49,-0.51,24865
1,0.05,-9.53,-0.66,24878
1,-0.05,-9.61,-0.52,24891
1,0.37,-9.74,-0.63,24904
1,0.63,-9.67,-0.97,24918
1,1.16,-9.83,-1.31,24931
1,2.17,-9.94,-1.04,24944
1,1.99,-10.32,-0.82,24958
1,1.73,-10.1,-0.77,24973
1,0.25,-8.98,-1.28,24986
1,-0.01,-8.92,-0.96,25002
1,-0.39,-9.07,-0.31,25015
1,-0.38,-9.3,-0.06,25028
1,-0.28,-9.5,0.14,25041
1,-0.12,-9.72,0.19,25054
1,-0.16,-9.72,0.07,25068
1,-0.15,-9.71,0.05,25081
1,0.19,-9.54,-0.21,25094
1,0.21,-9.39,-0.26,25108
1,0.12,-9.4,-0.27,25123
1,0.09,-9.39,-0.34,25136
1,-0.01,-9.4,-0.32,25151
1,0.04,-9.58,0.19,25164
1,0.13,-9.61,-0.18,25177
1,0.11,-9.52,-0.35,25190
1,0.22,-9.5,-0.28,25204
1,0.12,-9.65,-0.17,25217
1,0.11,-9.79,-0.25,25230
1,0.01,-9.69,-0.23,25243
1,0.1,-9.7,0.0,25256
1,0.14,-9.61,0.01,25271
1,0.18,-9.59,-0.09,25284
1,0.07,-9.45,-0.52,25297
1,0.0,-9.42,-0.38,25312
1,-0.08,-9.74,-0.04,25325
1,-0.11,-9.75,-0.06,25338
1,-0.2,-9.55,-0.11,25353
1,0.04,-9.32,-0.32,25366
1,0.11,-9.32,-0.3,25379
1,0.13,-9.36,-0.4,25392
1,0.11,-9.55,-0.18,25405
1,0.18,-9.69,0.0,25419
1,0.24,-9.79,0.0,25432
1,0.02,-9.74,-0.33,25445
1,-0.06,-9.58,-0.47,25459
1,-0.16,-9.42,-0.45,25474
1,-0.18,-9.37,-0.35,25487
1,-0.09,-9.43,-0.46,25503
1,0.28,-9.39,-0.49,25516
1,0.45,-9.51,-0.13,25529
1,0.33,-9.77,-0.1,25542
1,0.07,-9.74,-0.23,25555
1,0.18,-9.62,-0.4,25569
1,0.16,-9.51,-0.53,25582
1,-0.24,-9.33,-0.22,25595
1,-0.12,-9.41,-0.3,25609
1,0.0,-9.5,-0.31,25624
1,0.07,-9.56,-0.2,25637
1,0.11,-9.69,-0.11,25650
1,0.05,-9.8,0.09,25664
1,0.33,-9.67,-0.44,25677
1,0.22,-9.57,-0.52,25690
1,0.02,-9.45,-0.47,25704
1,-0.07,-9.43,-0.36,25717
1,-0.17,-9.49,-0.35,25730
1,-0.17,-9.54,-0.39,25743
1,-0.17,-9.59,-0.11,25756
1,-0.05,-9.65,-0.01,25770
1,0.01,-9.67,0.01,25783
1,0.25,-9.61,-0.26,25796
1,0.2,-9.55,-0.36,25810
1,0.13,-9.55,-0.35,25825
1,-0.13,-9.47,-0.35,25838
1,-0.23,-9.43,-0.6,25854
1,-0.21,-9.24,-0.4,25867
1,0.0,-9.54,-0.11,25880
1,0.09,-9.69,0.05,25893
1,0.26,-9.62,-0.16,25906
1,0.25,-9.55,-0.33,25920
1,0.12,-9.51,-0.4,25933
1,-0.28,-9.56,-0.23,25946
1,-0.15,-9.55,-0.16,25960
1,-0.11,-9.54,-0.04,25975
1,0.07,-9.65,-0.07,25988
1,0.03,-9.64,-0.15,26002
1,-0.18,-9.53,-0.29,26016
1,-0.39,-9.45,-0.42,26029
1,-0.4,-9.44,-0.33,26042
1,-0.49,-9.69,-0.33,26056
1,-0.75,-9.56,-0.55,26070
1,-0.52,-9.35,-0.67,26083
1,-0.58,-9.43,-1.05,26096
1,-0.92,-9.4,-0.15,26110
1,-0.68,-10.01,-0.61,26125
1,0.91,-9.55,-0.6,26138
1,1.42,-9.63,0.0,26154
1,0.34,-10.75,0.36,26167
1,-0.35,-10.6,0.36,26180
1,-1.33,-10.49,0.79,26193
1,-1.66,-10.36,0.66,26206
1,-1.98,-10.03,1.43,26219
1,0.51,-10.01,3.18,26232
1,3.59,-10.41,4.43,26245
1,-1.4,-10.75,5.09,26258
1,-1.46,-9.75,4.97,26274
1,-1.2,-9.7,5.43,26287
1,-1.33,-9.28,5.47,26301
1,-1.86,-8.14,5.71,26315
1,-1.98,-7.65,6.32,26328
1,-2.22,-6.56,7.5,26341
1,-1.92,-5.77,7.55,26356
1,-1.53,-4.61,7.53,26369
1,-0.26,-3.71,5.96,26382
1,-1.55,-2.66,5.83,26395
1,-3.32,-1.28,6.0,26408
1,-4.46,-0.9,7.18,26423
1,-5.05,-0.59,7.84,26436
1,-5.17,0.0,7.8,26449
1,-4.07,1.49,6.7,26465
1,-3.2,2.38,6.18,26478
1,-3.24,2.85,6.61,26491
1,-3.36,3.59,7.06,26506
1,-4.31,3.92,6.75,26519
1,-4.74,4.31,6.22,26532
1,-4.65,5.62,6.02,26545
1,-3.9,6.07,5.91,26558
1,-3.59,6.21,5.73,26573
1,-3.37,6.31,5.79,26586
1,-3.45,5.77,6.59,26599
1,-3.61,5.79,6.33,26615
1,-2.88,7.75,3.79,26628
1,-2.29,8.14,3.32,26641
1,-1.97,8.13,2.96,26656
1,-3.1,8.43,3.09,26669
1,-2.86,8.82,3.01,26682
1,-2.47,9.15,3.05,26695
1,-1.91,9.34,2.33,26708
1,-1.94,9.48,1.97,26722
1,-2.1,9.49,1.66,26735
1,-2.14,9.74,0.89,26748
1,-2.25,9.78,0.65,26762
1,-2.08,9.83,1.0,26777
1,-1.78,10.12,0.99,26790
1,-1.53,10.18,0.97,26806
1,-0.8,10.23,1.77,26819
1,-0.96,10.16,2.12,26832
1,-1.12,10.01,2.34,26845
1,-1.36,9.86,2.08,26858
1,-1.35,10.18,1.8,26872
1,-1.28,10.29,1.42,26885
1,-0.43,10.51,0.93,26898
1,-0.31,10.35,1.0,26912
1,-0.54,10.22,1.19,26927
1,-0.9,9.5,1.29,26940
1,-1.01,9.38,1.07,26956
1,-1.35,9.42,0.06,26969
1,-1.46,9.42,-0.25,26982
1,-1.59,9.78,-0.32,26995
1,-1.3,9.87,-0.51,27008
1,-1.52,9.8,-0.11,27022
1,-1.72,9.71,0.32,27035
1,-1.74,9.63,0.66,27048
1,-1.51,9.44,0.75,27061
1,-1.4,9.33,0.84,27076
1,-1.15,9.31,0.49,27089
1,-1.2,9.26,0.28,27104
1,-1.13,9.48,0.19,27118
1,-0.96,9.4,0.23,27131
1,-0.92,9.4,0.3,27144
1,-1.21,9.77,0.41,27158
1,-0.89,9.56,0.19,27171
1,-0.97,9.67,0.32,27184
1,-1.16,9.82,0.47,27197
1,-1.56,9.71,0.27,27210
1,-1.7,9.65,0.17,27226
1,-1.4,9.52,0.32,27239
1,-1.46,9.55,0.33,27253
1,-1.39,9.48,0.25,27268
1,-0.93,9.5,0.12,27281
1,-0.79,9.5,0.04,27294
1,-0.93,9.47,0.13,27308
1,-1.48,9.61,-0.02,27321
1,-1.52,9.7,-0.28,27334
1,-1.36,9.79,-0.39,27347
1,-1.27,9.83,-0.1,27360
1,-1.19,9.77,0.12,27375
1,-1.23,9.72,0.26,27388
1,-0.71,9.56,0.51,27401
1,-0.76,9.48,0.46,27417
1,-0.78,9.42,0.37,27430
1,-1.15,9.47,0.31,27443
1,-1.16,9.42,0.15,27458
1,-1.4,9.5,-0.03,27471
1,-1.47,9.78,-0.08,27484
1,-1.42,9.77,0.0,27497
1,-1.23,9.75,0.02,27510
1,-0.81,9.61,0.18,27525
1,-0.79,9.58,0.33,27538
1,-0.79,9.57,0.33,27551
1,-1.26,9.63,0.33,27567
1,-1.48,9.77,-0.11,27580
1,-1.39,9.83,-0.23,27593
1,-1.32,9.84,-0.2,27608
1,-1.15,9.81,-0.22,27621
1,-1.11,9.74,-0.08,27634
1,-1.02,9.64,-0.06,27647
1,-0.91,9.41,-0.07,27660
1,-1.06,9.47,-0.02,27674
1,-1.12,9.53,-0.06,27687
1,-1.2,9.65,-0.19,27700
1,-1.02,9.65,-0.1,27713
1,-0.88,9.53,0.04,27728
1,-0.81,9.41,0.2,27741
1,-1.06,9.52,0.24,27756
1,-0.96,9.56,-0.12,27770
1,-0.96,9.61,-0.24,27783
1,-1.16,9.78,-0.2,27796
1,-1.26,9.84,-0.2,27810
1,-1.24,9.82,-0.14,27823
1,-1.1,9.7,0.02,27836
1,-1.04,9.68,0.11,27849
1,-0.96,9.62,0.01,27862
1,-1.08,9.58,0.03,27877
1,-1.01,9.68,-0.12,27890
1,-1.02,9.64,-0.09,27903
1,-1.23,9.72,-0.02,27918
1,-1.25,9.77,0.01,27931
1,-1.22,9.73,0.05,27944
1,-1.07,9.68,0.0,27958
1,-1.1,9.59,-0.02,27971
1,-1.1,9.63,-0.12,27984
1,-0.86,9.57,-0.11,27997
1,-0.82,9.52,0.03,28010
1,-0.91,9.49,0.11,28023
1,-1.11,9.45,0.14,28036
1,-1.12,9.54,-0.03,28050
1,-1.02,9.48,-0.17,28063
1,-0.94,9.48,-0.22,28079
1,-0.98,9.48,-0.05,28092
1,-1.04,9.43,-0.05,28105
1,-1.03,9.5,-0.06,28119
1,-1.0,9.44,-0.04,28132
1,-1.33,9.6,-0.28,28145
1,-1.28,9.73,-0.4,28159
1,-1.24,9.85,-0.43,28172
1,-1.04,9.67,0.01,28185
1,-1.13,9.65,0.27,28198
1,-1.21,9.51,0.59,28211
1,-0.99,9.47,0.62,28225
1,-0.84,9.47,0.72,28238
1,-0.77,9.39,1.01,28251
1,-1.19,9.17,1.65,28265
1,-1.06,8.97,1.69,28280
1,-0.69,8.49,1.58,28293
1,-0.33,8.08,1.69,28309
1,-0.39,7.93,2.39,28322
1,-0.92,8.16,3.17,28335
1,-0.83,8.14,3.22,28348
1,-0.65,8.54,2.95,28361
1,-0.84,8.75,3.07,28375
1,-0.58,8.46,2.99,28388
1,-1.01,7.8,4.1,28401
1,-1.58,8.08,5.2,28415
1,-0.99,7.94,5.78,28430
1,0.61,7.16,5.74,28443
1,0.79,6.79,5.81,28459
1,-0.76,5.58,6.24,28472
1,-1.14,5.1,6.39,28485
1,-1.56,4.45,7.13,28498
1,-2.43,4.86,8.0,28511
1,-2.87,5.24,7.91,28524
1,-2.02,4.8,6.47,28537
1,-1.52,4.76,6.24,28550
1,-1.24,4.79,6.74,28563
1,-2.08,4.27,7.38,28578
1,-2.6,3.74,8.02,28591
1,-1.23,2.93,6.98,28604
1,-2.57,2.09,9.2,28620
1,-3.23,2.46,9.92,28633
1,-2.79,2.24,9.4,28646
1,-2.8,2.24,9.2,28661
1,-1.67,2.27,10.06,28674
1,-0.74,2.52,9.4,28687
1,-0.88,2.77,10.15,28700
1,-0.72,2.69,7.78,28713
1,-1.69,2.63,8.46,28728
1,-1.77,2.38,9.7,28741
1,-2.05,1.03,10.68,28754
1,-2.09,0.75,10.77,28770
1,-1.58,1.22,11.28,28783
1,-1.87,1.63,11.44,28796
1,-1.97,1.69,11.36,28811
1,-1.46,0.68,11.53,28824
1,-1.21,0.61,11.39,28837
1,-0.92,0.46,11.13,28850
1,-1.31,-0.11,10.38,28863
1,-1.47,-0.06,10.05,28878
1,-2.48,1.49,10.06,28891
1,-2.22,1.19,8.89,28904
1,-1.63,1.47,8.78,28920
1,-0.62,0.31,9.31,28933
1,-0.62,0.32,9.51,28946
1,-0.56,0.37,9.66,28961
1,0.37,-1.12,8.98,28974
1,1.25,-3.22,14.39,28987
1,0.06,-1.26,14.24,29000
1,-3.13,2.97,7.82,29013
1,-2.84,2.63,10.29,29027
1,-1.13,1.78,11.4,29040
1,-0.89,0.84,9.72,29053
1,-1.3,0.91,9.5,29067
1,-1.61,0.83,9.25,29082
1,-1.64,0.44,15.01,29095
1,1.47,0.18,7.12,29111
1,-0.59,0.93,9.52,29124
1,-1.21,0.04,9.92,29137
1,0.0,0.06,9.62,29150
1,-0.03,0.21,9.12,29163
1,-0.56,0.09,9.71,29177
1,-0.22,0.19,9.43,29191
1,-0.34,0.14,9.48,29204
1,-0.34,0.19,9.53,29219
1,-0.33,0.16,9.53,29233
1,-0.38,0.04,9.52,29246
1,-0.38,0.12,9.59,29261
1,-0.38,0.22,9.44,29274
1,-0.29,0.18,9.52,29287
1,-0.31,0.14,9.57,29302
1,-0.34,0.18,9.48,29315
1,-0.38,0.19,9.59,29330
1,-0.38,0.17,9.49,29343
1,-0.37,0.09,9.56,29356
1,-0.38,0.09,9.56,29371
1,-0.36,0.14,9.45,29384
1,-0.33,0.19,9.59,29397
1,-0.32,0.18,9.51,29412
1,-0.32,0.15,9.5,29425
1,-0.34,0.16,9.54,29438
1,-0.37,0.17,9.48,29452
1,-0.37,0.14,9.54,29465
1,-0.36,0.09,9.51,29480
1,-0.36,0.12,9.52,29494
1,-0.35,0.15,9.57,29508
1,-0.33,0.18,9.44,29523
1,-0.31,0.16,9.55,29536
1,-0.34,0.16,9.5,29552
1,-0.35,0.15,9.49,29565
1,-0.38,0.17,9.56,29580
1,-0.37,0.12,9.54,29593
1,-0.36,0.11,9.56,29606
1,-0.34,0.12,9.5,29622
1,-0.34,0.14,9.58,29635
1,-0.33,0.14,9.5,29649
1,-0.35,0.16,9.48,29663
1,-0.35,0.15,9.52,29676
1,-0.39,0.15,9.49,29689
1,-0.36,0.16,9.54,29703
1,-0.37,0.14,9.44,29716
1,-0.36,0.13,9.47,29731
1,-0.33,0.16,9.5,29744
1,-0.35,0.15,9.46,29757
1,-0.33,0.13,9.5,29772
1,-0.38,0.18,9.46,29785
1,-0.36,0.18,9.53,29798
1,-0.38,0.15,9.55,29813
1,-0.34,0.12,9.51,29826
1,-0.33,0.13,9.47,29839
1,-0.34,0.15,9.52,29853
1,-0.34,0.17,9.49,29866
1,-0.34,0.13,9.52,29881
1,-0.37,0.13,9.55,29894
1,-0.37,0.12,9.5,29907
1,-0.38,0.16,9.51,29923
1,-0.34,0.15,9.52,29936
1,-0.32,0.14,9.51,29951
1,-0.33,0.15,9.5,29965
1,-0.33,0.19,9.46,29978
1,-0.37,0.14,9.55,29991
1,-0.38,0.11,9.49,30005
1,-0.36,0.13,9.46,30018
1,-0.39,0.14,9.57,30033
1,-0.35,0.18,9.48,30046
1,-0.33,0.16,9.49,30060
1,-0.33,0.12,9.53,30074
1,-0.33,0.14,9.45,30087
1,-0.34,0.14,9.53,30102
1,-0.35,0.14,9.48,30115
1,-0.35,0.13,9.52,30128
1,-0.37,0.11,9.53,30141
1,-0.36,0.16,9.51,30155
1,-0.35,0.16,9.51,30168
1,-0.32,0.16,9.5,30184
1,-0.32,0.14,9.51,30197
1,-0.32,0.15,9.5,30212
1,-0.37,0.14,9.52,30225
1,-0.38,0.16,9.57,30238
1,-0.39,0.14,9.53,30254
1,-0.35,0.13,9.51,30267
1,-0.35,0.13,9.48,30282
1,-0.34,0.16,9.51,30295
1,-0.34,0.16,9.53,30308
1,-0.34,0.14,9.5,30324
1,-0.38,0.12,9.55,30337
1,-0.38,0.15,9.51,30353
1,-0.38,0.13,9.49,30366
1,-0.35,0.15,9.53,30380
1,-0.35,0.15,9.48,30394
1,-0.33,0.15,9.53,30407
1,-0.34,0.15,9.45,30422
1,-0.35,0.12,9.52,30436
1,-0.35,0.15,9.51,30450
1,-0.36,0.12,9.48,30465
1,-0.34,0.14,9.54,30478
1,-0.34,0.13,9.49,30491
1,-0.34,0.16,9.52,30505
1,-0.35,0.13,9.5,30518
1,-0.33,0.15,9.49,30534
1,-0.36,0.13,9.52,30547
1,-0.35,0.14,9.52,30562
1,-0.37,0.13,9.53,30576
1,-0.35,0.13,9.5,30589
1,-0.36,0.14,9.52,30604
1,-0.34,0.13,9.5,30617
1,-0.34,0.14,9.49,30632
1,-0.37,0.13,9.53,30646
1,-0.34,0.11,9.5,30659
1,-0.37,0.14,9.51,30674
1,-0.37,0.15,9.48,30687
1,-0.35,0.15,9.49,30701
1,-0.34,0.13,9.56,30715
1,-0.34,0.12,9.48,30728
1,-0.36,0.13,9.52,30741
1,-0.37,0.14,9.54,30755
1,-0.34,0.13,9.48,30768
1,-0.35,0.14,9.5,30783
1,-0.35,0.17,9.51,30796
1,-0.37,0.17,9.52,30809
1,-0.36,0.16,9.54,30825
1,-0.36,0.13,9.49,30838
1,-0.37,0.11,9.54,30853
1,-0.36,0.13,9.48,30867
1,-0.35,0.13,9.49,30881
1,-0.36,0.15,9.54,30895
1,-0.35,0.16,9.5,30908
1,-0.33,0.16,9.48,30923
1,-0.37,0.15,9.52,30937
1,-0.35,0.15,9.51,30950
1,-0.35,0.12,9.52,30965
1,-0.36,0.11,9.5,30978
1,-0.36,0.15,9.51,30991
1,-0.33,0.15,9.51,31006
1,-0.35,0.15,9.52,31019
1,-0.35,0.16,9.5,31035
1,-0.35,0.16,9.52,31048
1,-0.37,0.14,9.54,31062
1,-0.35,0.15,9.48,31076
1,-0.34,0.15,9.52,31089
1,-0.35,0.13,9.51,31103
1,-0.34,0.16,9.51,31117
1,-0.36,0.13,9.51,31130
1,-0.35,0.17,9.52,31143
1,-0.35,0.13,9.57,31157
1,-0.35,0.16,9.53,31170
1,-0.33,0.13,9.48,31186
1,-0.35,0.13,9.55,31199
1,-0.36,0.14,9.49,31214
1,-0.36,0.13,9.51,31227
1,-0.37,0.13,9.54,31240
1,-0.35,0.15,9.5,31256
1,-0.34,0.15,9.54,31269
1,-0.33,0.15,9.48,31284
1,-0.34,0.16,9.55,31298
1,-0.34,0.15,9.5,31312
1,-0.36,0.15,9.48,31327
1,-0.38,0.14,9.53,31340
1,-0.37,0.1,9.51,31356
1,-0.35,0.12,9.5,31369
1,-0.35,0.15,9.48,31384
1,-0.34,0.17,9.54,31398
1,-0.33,0.14,9.53,31411
1,-0.35,0.13,9.49,31426
1,-0.35,0.13,9.55,31439
1,-0.36,0.14,9.5,31453
1,-0.35,0.11,9.5,31467
1,-0.36,0.14,9.52,31480
1,-0.36,0.15,9.54,31493
1,-0.36,0.16,9.5,31507
1,-0.35,0.12,9.49,31520
1,-0.36,0.14,9.53,31535
1,-0.35,0.14,9.51,31548
1,-0.35,0.16,9.52,31561
1,-0.35,0.15,9.52,31576
1,-0.38,0.14,9.51,31589
1,-0.36,0.16,9.52,31602
1,-0.35,0.14,9.51,31617
1,-0.36,0.12,9.53,31630
1,-0.35,0.14,9.51,31643
1,-0.36,0.11,9.51,31658
1,-0.33,0.13,9.5,31671
1,-0.34,0.15,9.51,31687
1,-0.37,0.17,9.53,31700
1,-0.36,0.17,9.51,31715
1,-0.35,0.15,9.52,31729
1,-0.37,0.12,9.51,31742
1,-0.34,0.12,9.53,31757
1,-0.36,0.14,9.5,31770
1,-0.36,0.14,9.5,31785
1,-0.37,0.14,9.53,31799
1,-0.36,0.17,9.53,31813
1,-0.36,0.16,9.5,31828
1,-0.39,0.15,9.52,31841
1,-0.37,0.13,9.55,31857
1,-0.34,0.13,9.5,31870
1,-0.35,0.11,9.51,31885
1,-0.36,0.13,9.54,31899
1,-0.36,0.15,9.53,31912
1,-0.37,0.14,9.53,31927
1,-0.36,0.16,9.52,31940
1,-0.37,0.14,9.5,31955
1,-0.37,0.15,9.54,31969
1,-0.36,0.13,9.5,31982
1,-0.36,0.15,9.5,31995
1,-0.35,0.12,9.55,32009
1,-0.35,0.13,9.43,32022
1,-0.37,0.15,9.51,32038
1,-0.33,0.14,9.51,32051
1,-0.33,0.15,9.49,32066
1,-0.33,0.15,9.51,32079
1,-0.32,0.15,9.48,32092
1,-0.32,0.16,9.5,32108
1,-0.35,0.15,9.46,32121
1,-0.35,0.15,9.49,32136
1,-0.36,0.14,9.52,32150
1,-0.37,0.13,9.52,32164
1,-0.35,0.11,9.53,32179
1,-0.34,0.16,9.52,32192
1,-0.34,0.13,9.5,32207
1,-0.34,0.18,9.5,32220
1,-0.34,0.17,9.5,32234
1,-0.35,0.16,9.5,32248
1,-0.36,0.12,9.5,32261
1,-0.35,0.15,9.5,32276
1,-0.35,0.15,9.51,32290
1,-0.34,0.14,9.5,32303
1,-0.33,0.14,9.52,32318
1,-0.35,0.17,9.51,32331
1,-0.35,0.16,9.54,32344
1,-0.34,0.17,9.52,32359
1,-0.34,0.13,9.5,32372
1,-0.36,0.14,9.52,32388
1,-0.35,0.12,9.51,32401
1,-0.36,0.14,9.49,32415
1,-0.36,0.11,9.5,32429
1,-0.35,0.18,9.48,32442
1,-0.34,0.17,9.58,32458
1,-0.34,0.16,9.57,32471
1,-0.34,0.14,9.51,32485
1,-0.37,0.12,9.48,32499
1,-0.39,0.13,9.48,32512
1,-0.37,0.15,9.48,32527
1,-0.32,0.15,9.56,32541
1,-0.32,0.12,9.53,32555
1,-0.35,0.15,9.49,32570
1,-0.36,0.12,9.56,32583
1,-0.35,0.11,9.52,32596
1,-0.38,0.12,9.5,32610
1,-0.33,0.17,9.25,32623
1,-0.33,0.14,9.54,32639
1,-0.33,0.18,9.33,32652
1,-0.39,0.17,9.62,32667
1,-0.37,0.14,9.33,32681
1,-0.38,0.13,9.56,32694
1,-0.36,0.13,9.53,32709
1,-0.36,0.12,9.51,32722
1,-0.32,0.13,9.46,32737
1,-0.35,0.13,9.52,32751
1,-0.36,0.15,9.51,32764
1,-0.36,0.14,9.55,32779
1,-0.36,0.15,9.48,32792
1,-0.36,0.13,9.54,32806
1,-0.37,0.15,9.5,32820
1,-0.35,0.16,9.57,32833
1,-0.31,0.13,9.57,32846
1,-0.34,0.15,9.5,32860
1,-0.34,0.12,9.59,32873
1,-0.34,0.15,9.43,32889
1,-0.39,0.17,9.62,32902
1,-0.39,0.16,9.49,32916
1,-0.38,0.15,9.59,32930
1,-0.34,0.16,9.42,32943
1,-0.32,0.17,9.43,32958
1,-0.34,0.12,9.36,32971
1,-0.35,0.1,9.57,32984
1,-0.38,0.13,9.65,32997
1,-0.38,0.1,9.53,33011
1,-0.38,0.16,9.5,33024
1,-0.35,0.17,9.43,33040
1,-0.33,0.17,9.46,33053
1,-0.31,0.15,9.45,33068
1,-0.33,0.15,9.43,33082
1,-0.35,0.15,9.56,33095
1,-0.37,0.13,9.62,33110
1,-0.38,0.11,9.56,33123
1,-0.39,0.15,9.53,33138
1,-0.34,0.16,9.51,33152
1,-0.34,0.19,9.48,33166
1,-0.33,0.17,9.44,33181
1,-0.35,0.14,9.45,33194
1,-0.36,0.16,9.52,33209
1,-0.37,0.13,9.5,33222
1,-0.37,0.12,9.52,33235
1,-0.37,0.13,9.54,33248
1,-0.35,0.15,9.53,33262
1,-0.34,0.18,9.47,33275
1,-0.34,0.16,9.48,33291
1,-0.33,0.14,9.52,33304
1,-0.34,0.15,9.53,33320
1,-0.38,0.12,9.53,33333
1,-0.38,0.13,9.53,33346
1,-0.37,0.14,9.51,33361
1,-0.35,0.17,9.52,33374
1,-0.35,0.17,9.5,33389
1,-0.33,0.14,9.5,33402
1,-0.33,0.14,9.53,33415
1,-0.35,0.13,9.5,33431
1,-0.35,0.15,9.52,33444
1,-0.34,0.12,9.55,33459
1,-0.38,0.15,9.52,33473
1,-0.35,0.14,9.53,33487
1,-0.36,0.14,9.5,33501
1,-0.33,0.12,9.5,33514
1,-0.35,0.15,9.5,33529
1,-0.35,0.15,9.5,33543
1,-0.37,0.13,9.55,33557
1,-0.38,0.17,9.51,33572
1,-0.36,0.13,9.55,33585
1,-0.36,0.14,9.53,33598
1,-0.39,0.15,9.52,33612
1,-0.36,0.15,9.5,33625
1,-0.34,0.12,9.52,33641
1,-0.36,0.12,9.52,33654
1,-0.38,0.14,9.52,33669
1,-0.36,0.14,9.48,33683
1,-0.35,0.15,9.53,33696
1,-0.37,0.16,9.49,33711
1,-0.33,0.14,9.5,33724
1,-0.35,0.15,9.48,33738
1,-0.34,0.12,9.56,33752
1,-0.36,0.12,9.46,33765
1,-0.35,0.12,9.53,33781
1,-0.36,0.16,9.49,33794
1,-0.37,0.16,9.52,33807
1,-0.33,0.17,9.52,33822
1,-0.38,0.16,9.5,33835
1,-0.37,0.12,9.5,33848
1,-0.36,0.14,9.56,33863
1,-0.35,0.11,9.53,33876
1,-0.34,0.12,9.52,33892
1,-0.33,0.15,9.52,33905
1,-0.34,0.16,9.53,33920
1,-0.37,0.16,9.47,33934
1,-0.38,0.15,9.52,33947
1,-0.36,0.15,9.53,33962
1,-0.34,0.14,9.55,33975
1,-0.36,0.15,9.53,33990
1,-0.35,0.13,9.53,34004
1,-0.35,0.13,9.51,34018
1,-0.33,0.15,9.5,34033
1,-0.36,0.13,9.52,34046
1,-0.37,0.15,9.5,34062
1,-0.37,0.14,9.47,34075
1,-0.36,0.13,9.49,34090
1,-0.35,0.17,9.5,34104
1,-0.35,0.13,9.49,34117
1,-0.36,0.14,9.5,34132
1,-0.34,0.14,9.51,34145
1,-0.34,0.13,9.49,34160
1,-0.35,0.14,9.5,34174
1,-0.35,0.14,9.48,34187
1,-0.36,0.16,9.51,34200
1,-0.36,0.16,9.53,34214
1,-0.36,0.14,9.5,34227
1,-0.36,0.14,9.5,34243
1,-0.37,0.15,9.52,34256
1,-0.35,0.15,9.53,34271
1,-0.35,0.12,9.51,34284
1,-0.36,0.12,9.52,34297
1,-0.36,0.15,9.51,34313
1,-0.35,0.16,9.52,34326
1,-0.36,0.15,9.52,34341
1,-0.36,0.13,9.57,34355
1,-0.35,0.13,9.47,34369
1,-0.37,0.14,9.51,34384
1,-0.35,0.13,9.5,34397
1,-0.34,0.14,9.51,34412
1,-0.33,0.17,9.27,34425
1,-0.32,0.18,9.56,34439
1,-0.35,0.16,9.54,34453
1,-0.39,0.11,9.58,34466
1,-0.33,0.14,9.46,34481
1,-0.36,0.14,9.57,34495
1,-0.34,0.14,9.5,34508
1,-0.34,0.16,9.54,34523
1,-0.34,0.17,9.49,34536
1,-0.35,0.18,9.54,34549
1,-0.36,0.15,9.53,34564
1,-0.37,0.12,9.55,34577
1,-0.38,0.12,9.52,34593
1,-0.36,0.13,9.54,34606
1,-0.33,0.15,9.52,34620
1,-0.32,0.13,9.47,34634
1,-0.35,0.16,9.51,34647
1,-0.35,0.18,9.5,34663
1,-0.36,0.16,9.51,34676
1,-0.37,0.15,9.51,34690
1,-0.38,0.14,9.53,34704
1,-0.36,0.14,9.53,34717
1,-0.34,0.11,9.41,34732
